0, 1200.0000424450263, 399.9998625658918, 500.00016926787794, 399.9998625658918
1, 1200.0000424450263, 600.0000212225132, 800.0001798791345, 600.0000212225132
2, 600.0000212225132, 600.0000212225132, 499.99971452052705, 600.0000212225132
3, 1500.000053056283, 1800.0000636675395, 800.0001798791345, 1200.0000424450263
4, 2100.000074278796, 600.0000212225132, 699.9998731771484, 800.0001798791345
5, 500.00016926787794, 600.0000212225132, 600.0000212225132, 800.0001798791345
6, 500.00016926787794, 699.9998731771484, 700.0003279244993, 900.0000318337698
7, 799.9997251317836, 999.999883788405, 699.9998731771484, 1100.000190490391
8, 699.9998731771484, 900.0000318337698, 18700.000055105193, 1100.000190490391
9, 699.9998731771484, 999.999883788405, 699.9998731771484, 999.999883788405
10, 600.0000212225132, 999.999883788405, 699.9998731771484, 1099.9997357430402
11, 699.9998731771484, 999.999883788405, 799.9997251317836, 1200.0000424450263
12, 700.0003279244993, 1100.000190490391, 800.0001798791345, 1200.0000424450263
13, 700.0003279244993, 1100.000190490391, 800.0001798791345, 1299.9998943996616
14, 699.9998731771484, 1200.0000424450263, 799.9997251317836, 1399.9997463542968
15, 699.9998731771484, 1299.9998943996616, 900.0000318337698, 1499.999598308932
16, 699.9998731771484, 1399.9997463542968, 900.0000318337698, 1599.9999050109182
17, 699.9998731771484, 1500.000053056283, 900.0000318337698, 1800.0000636675395
18, 800.0001798791345, 1500.000053056283, 999.999883788405, 1899.9999156221747
19, 799.9997251317836, 1599.9999050109182, 999.999883788405, 1899.9999156221747
20, 900.0000318337698, 1599.9999050109182, 1099.9997357430402, 1899.9999156221747
21, 900.0000318337698, 1599.9999050109182, 1099.9997357430402, 1999.99976757681
22, 800.0001798791345, 1800.0000636675395, 1199.9995876976755, 2100.000074278796
23, 900.0000318337698, 1799.9996089201886, 1200.0000424450263, 2100.000074278796
24, 900.0000318337698, 1800.0000636675395, 1200.0000424450263, 4300.000000512227
25, 999.999883788405, 2100.000074278796, 1299.9998943996616, 2600.000243546674
26, 1099.9997357430402, 2099.999619531445, 1399.9997463542968, 2499.999936844688
27, 1100.000190490391, 2199.9999262334313, 1399.9997463542968, 2499.999936844688
28, 1000.0003385357559, 2200.000380980782, 1400.0002011016477, 2700.0000955013093
29, 1100.000190490391, 2300.0002329354174, 1399.9997463542968, 2799.9999474559445
30, 1100.000190490391, 2600.000243546674, 1400.0002011016477, 2899.9997994105797
31, 1000.0003385357559, 2199.9999262334313, 1299.9998943996616, 2799.9999474559445
32, 999.999883788405, 2199.9999262334313, 1500.000053056283, 2800.0004022032954
33, 1100.000190490391, 2499.999936844688, 1500.000053056283, 2899.9997994105797
34, 1000.0003385357559, 2499.999936844688, 1400.0002011016477, 2900.0002541579306
35, 1100.000190490391, 2400.0000848900527, 1600.000359758269, 2899.9997994105797
36, 999.999883788405, 2600.000243546674, 1599.9999050109182, 3199.9998100218363
37, 1099.9997357430402, 40999.99978279811, 1799.9996089201886, 3300.0001167238224
38, 1299.9998943996616, 3000.000106112566, 1800.0000636675395, 39500.00018448918
39, 1200.0000424450263, 2699.9996407539584, 1599.9999050109182, 3200.000264769187
40, 1200.0000424450263, 2700.0000955013093, 1600.000359758269, 95899.99990566866
41, 6299.999768089037, 2899.9997994105797, 1699.9997569655534, 3299.9996619764715
42, 1200.0000424450263, 2899.9997994105797, 1699.9997569655534, 3499.999820633093
43, 1200.0000424450263, 3000.000106112566, 1899.9999156221747, 3500.000275380444
44, 1500.000053056283, 3099.999958067201, 1800.0000636675395, 3600.000127335079
45, 1299.9998943996616, 3099.999958067201, 1999.99976757681, 3699.9999792897142
46, 1400.0002011016477, 3099.999958067201, 1800.0000636675395, 3699.9999792897142
47, 1500.000053056283, 3200.000264769187, 1899.9999156221747, 4099.999841855606
48, 1400.0002011016477, 3200.000264769187, 2000.0002223241609, 3900.0001379463356
49, 1399.9997463542968, 3299.9996619764715, 1899.9999156221747, 3999.999989900971
50, 48199.99958272092, 3799.9998312443495, 2300.0002329354174, 4400.0003072142135
51, 1499.999598308932, 3600.000127335079, 2299.9997781880666, 4499.999704421498
52, 1500.000053056283, 3699.9999792897142, 2299.9997781880666, 4600.000011123484
53, 1599.9999050109182, 3799.9998312443495, 2400.0000848900527, 6400.0000747910235
54, 1800.0000636675395, 4100.000296602957, 2499.999936844688, 4699.999863078119
55, 1700.0002117129043, 3999.999989900971, 2500.000391592039, 4900.000021734741
56, 1899.9999156221747, 4099.999841855606, 2599.999788799323, 4900.000021734741
57, 1700.0002117129043, 4200.000148557592, 2499.999936844688, 5100.000180391362
58, 1800.0000636675395, 4400.0003072142135, 35399.999887886224, 4799.9997150327545
59, 1699.9997569655534, 3900.0001379463356, 2300.0002329354174, 4800.000169780105
60, 1500.000053056283, 3999.999989900971, 2300.0002329354174, 4800.000169780105
61, 1700.0002117129043, 4099.999841855606, 2400.0000848900527, 4900.000021734741
62, 1599.9999050109182, 4099.999841855606, 2400.0000848900527, 10000.000202126103
63, 1699.9997569655534, 4300.000000512227, 2400.0000848900527, 5100.000180391362
64, 1699.9997569655534, 4199.999693810241, 2499.999936844688, 5299.999884300632
65, 1800.0000636675395, 4300.000000512227, 2400.0000848900527, 5200.000032345997
66, 1700.0002117129043, 4400.0003072142135, 2499.999936844688, 5300.000339047983
67, 1800.0000636675395, 4399.999852466863, 2499.999936844688, 5500.000042957254
68, 1700.0002117129043, 4499.999704421498, 2499.999936844688, 5500.000042957254
69, 1800.0000636675395, 4600.000011123484, 2499.999936844688, 5599.999894911889
70, 1900.0003703695256, 4600.000011123484, 2600.000243546674, 5700.000201613875
71, 1999.99976757681, 4600.000011123484, 2700.0000955013093, 5700.000201613875
72, 1899.9999156221747, 4699.999863078119, 2700.0000955013093, 5699.999746866524
73, 1899.9999156221747, 4800.000169780105, 2799.9999474559445, 5899.999905523146
74, 1999.99976757681, 4799.9997150327545, 2700.0000955013093, 5999.999757477781
75, 2100.000074278796, 4900.000021734741, 2700.0000955013093, 6100.000064179767
76, 1999.99976757681, 4900.000021734741, 2899.9997994105797, 6100.000064179767
77, 1999.99976757681, 5100.000180391362, 2799.9999474559445, 6100.000064179767
78, 1999.99976757681, 5099.999725644011, 2900.0002541579306, 6300.000222836388
79, 1899.9999156221747, 5099.999725644011, 2799.9999474559445, 6300.000222836388
80, 2000.0002223241609, 5299.999884300632, 7299.999651877442, 6700.00008540228
81, 2000.0002223241609, 5200.000032345997, 3000.000106112566, 7900.000127847306
82, 2099.999619531445, 5399.999736255268, 3099.999958067201, 6700.00008540228
83, 2099.999619531445, 5399.999736255268, 3099.999958067201, 6700.00008540228
84, 2199.9999262334313, 5500.000042957254, 3099.999958067201, 6799.999937356915
85, 2199.9999262334313, 5500.000042957254, 3199.9998100218363, 6799.999937356915
86, 2100.000074278796, 5599.999894911889, 3099.999958067201, 6800.000392104266
87, 2199.9999262334313, 5599.999894911889, 3200.000264769187, 7099.999947968172
88, 2199.9999262334313, 5800.00005356851, 3200.000264769187, 7099.999947968172
89, 2300.0002329354174, 5800.00005356851, 3199.9998100218363, 7099.999947968172
90, 2300.0002329354174, 5899.999905523146, 3300.0001167238224, 7300.000106624793
91, 2300.0002329354174, 5899.999905523146, 3300.0001167238224, 7300.000106624793
92, 2399.999630142702, 5999.999757477781, 3399.9999686784577, 7399.9999585794285
93, 2400.0000848900527, 5999.999757477781, 3499.999820633093, 7500.000265281415
94, 2299.9997781880666, 6200.000370881753, 3499.999820633093, 7399.9999585794285
95, 2300.0002329354174, 6199.999916134402, 7899.9996730999555, 7600.00011723605
96, 2400.0000848900527, 6199.999916134402, 3499.999820633093, 7699.999969190685
97, 2400.0000848900527, 6100.000064179767, 3600.000127335079, 7600.00011723605
98, 2400.0000848900527, 6300.000222836388, 3599.999672587728, 7600.00011723605
99, 2500.000391592039, 6400.0000747910235, 3600.000127335079, 7699.999969190685
100, 2499.999936844688, 6400.0000747910235, 3800.0002859917004, 7799.99982114532
101, 2499.999936844688, 6700.00008540228, 3700.000434037065, 7999.999979801942
102, 2700.0000955013093, 7099.999947968172, 3800.0002859917004, 8099.999831756577
103, 2700.0000955013093, 6899.999789311551, 3999.999989900971, 48200.00003746827
104, 2799.9999474559445, 7300.000106624793, 41899.99981463188, 8400.000297115184
105, 2499.999936844688, 6799.999937356915, 3799.9998312443495, 8600.000001024455
106, 2700.0000955013093, 6799.999937356915, 3800.0002859917004, 8600.000001024455
107, 2600.000243546674, 6799.999937356915, 4100.000296602957, 8699.99985297909
108, 3199.9998100218363, 12599.999990925426, 3900.0001379463356, 8600.000001024455
109, 2700.0000955013093, 7000.000096013537, 3999.999989900971, 30799.99987676274
110, 2599.999788799323, 7099.999947968172, 3900.0001379463356, 17000.00029813964
111, 2700.0000955013093, 7099.999947968172, 3999.999989900971, 14700.000065204222
112, 2699.9996407539584, 7600.00011723605, 3999.999989900971, 14400.000054592965
113, 2899.9997994105797, 7499.999810534064, 4100.000296602957, 14499.9999065476
114, 2799.9999474559445, 7399.9999585794285, 4099.999841855606, 19800.000245595584
115, 2900.0002541579306, 78000.0000304426, 4699.999863078119, 17500.000012660166
116, 5399.999736255268, 23900.00008745119, 7799.99982114532, 30499.999866151484
117, 5999.999757477781, 22100.00002378365, 7599.999662488699, 30299.999707494862
118, 5800.00005356851, 21300.000298651867, 7199.999799922807, 22199.999875738285
119, 5099.999725644011, 19000.00006571645, 7100.000402715523, 22400.000034394907
120, 4800.000169780105, 20100.00025620684, 7300.000106624793, 22200.000330485636
121, 5200.000032345997, 19799.999790848233, 7499.999810534064, 22700.000045006163
122, 4900.000021734741, 19800.000245595584, 7500.000265281415, 22799.9998969608
123, 5099.999725644011, 19799.999790848233, 7499.999810534064, 23399.999918183312
124, 5299.999884300632, 19999.999949504854, 7499.999810534064, 34799.99986666371
125, 5200.000032345997, 20200.000108161476, 7900.000127847306, 23099.999907572055
126, 5099.999725644011, 20500.000118772732, 7600.00011723605, 23399.999918183312
127, 5400.0001910026185, 21100.000139995245, 7500.000265281415, 23200.00021427404
128, 5499.999588209903, 20899.999981338624, 7999.999979801942, 23399.999918183312
129, 5299.999884300632, 20600.00042547472, 7600.00011723605, 23199.99975952669
130, 5299.999884300632, 21199.99999194988, 7699.999969190685, 23300.000066228677
131, 13700.000181415817, 21199.99999194988, 7900.000127847306, 24299.99995001708
132, 5399.999736255268, 16899.999991437653, 4900.000021734741, 16400.000276917126
133, 3200.000264769187, 14799.999917158857, 4900.000021734741, 16299.99997021514
134, 3099.999958067201, 33799.999982875306, 4800.000169780105, 15900.000107649248
135, 3399.9999686784577, 14400.000054592965, 4999.999873689376, 16799.999684735667
136, 3300.0001167238224, 14700.000065204222, 4900.000021734741, 16500.00012887176
137, 3299.9996619764715, 14400.000054592965, 5200.000032345997, 17999.999727180693
138, 3499.999820633093, 16599.999980826396, 5099.999725644011, 18699.99960035784
139, 3399.9999686784577, 14599.999758502236, 5000.000328436727, 18100.00003388268
140, 3499.999820633093, 21600.000309263123, 5100.000180391362, 21700.00016121776
141, 3399.9999686784577, 14599.999758502236, 5099.999725644011, 18100.00003388268
142, 3499.999820633093, 14800.000371906208, 5099.999725644011, 18299.99973779195
143, 3400.0004234258085, 14700.000065204222, 5399.999736255268, 18499.99989644857
144, 3599.999672587728, 14799.999917158857, 5100.000180391362, 20099.99980145949
145, 3500.000275380444, 14900.000223860843, 5299.999884300632, 18699.99960035784
146, 3500.000275380444, 16599.999980826396, 5400.0001910026185, 19300.000076327706
147, 3500.000275380444, 17100.000150094274, 5200.000032345997, 18800.00036180718
148, 3499.999820633093, 17000.00029813964, 5400.0001910026185, 18799.999907059828
149, 3400.0004234258085, 17299.999854003545, 5300.000339047983, 24899.999971239595
150, 3600.000127335079, 17000.00029813964, 5599.999894911889, 19500.000234984327
151, 3599.999672587728, 17200.00000204891, 5399.999736255268, 19499.999780236976
152, 3499.999820633093, 17000.00029813964, 5400.0001910026185, 19000.00006571645
153, 3699.9999792897142, 17299.999854003545, 5399.999736255268, 19399.99992828234
154, 3600.000127335079, 17699.999716569437, 5599.999894911889, 26499.999876250513
155, 3699.9999792897142, 17200.00000204891, 5500.000042957254, 19300.000076327706
156, 3600.000127335079, 17400.00016070553, 5599.999894911889, 19399.99992828234
157, 3799.9998312443495, 17299.999854003545, 5600.00034965924, 19499.999780236976
158, 3800.0002859917004, 24999.99982319423, 5999.999757477781, 19700.00039364095
159, 3699.9999792897142, 17900.00032997341, 5699.999746866524, 19399.99992828234
160, 3699.9999792897142, 17400.00016070553, 5700.000201613875, 19900.00009755022
161, 3799.9998312443495, 17300.000308750896, 5700.000201613875, 19999.999949504854
162, 3800.0002859917004, 17500.000012660166, 5700.000201613875, 19800.000245595584
163, 3799.9998312443495, 17799.999568524072, 5899.999905523146, 19999.999949504854
164, 4099.999841855606, 17700.000171316788, 5800.00005356851, 20499.99966402538
165, 3800.0002859917004, 17800.000023271423, 5900.0003602704965, 22100.00002378365
166, 3900.0001379463356, 18900.000213761814, 5899.999905523146, 28000.000384054147
167, 3900.0001379463356, 17700.000171316788, 5800.00005356851, 21899.99986512703
168, 3800.0002859917004, 18000.000181928044, 6000.000212225132, 22400.000034394907
169, 3999.999989900971, 18000.000181928044, 5899.999905523146, 22000.000171829015
170, 3900.0001379463356, 18000.000181928044, 6000.000212225132, 22400.000034394907
171, 3999.999989900971, 17900.00032997341, 6100.000064179767, 22199.999875738285
172, 3999.999989900971, 18100.00003388268, 6000.000212225132, 22199.999875738285
173, 3999.999989900971, 18199.999885837315, 6099.999609432416, 22100.00002378365
174, 4000.0004446483217, 18199.999885837315, 6200.000370881753, 22199.999875738285
175, 4099.999841855606, 18499.99989644857, 6200.000370881753, 22599.999738304177
176, 4200.000148557592, 20099.99980145949, 6299.999768089037, 22600.00019305153
177, 3999.999989900971, 19900.00009755022, 6199.999916134402, 22700.000045006163
178, 4100.000296602957, 20400.000266818097, 6199.999916134402, 22800.00035170815
179, 4099.999841855606, 20299.99996011611, 6400.0000747910235, 22900.000203662785
180, 4199.999693810241, 20099.99980145949, 6300.000222836388, 23399.999918183312
181, 4300.000000512227, 20399.999812070746, 6500.00038149301, 23300.000066228677
182, 4199.999693810241, 20500.000118772732, 6499.999926745659, 29199.999971751822
183, 4300.000000512227, 21000.00028804061, 6400.0000747910235, 23300.000066228677
184, 4400.0003072142135, 21199.99999194988, 6500.00038149301, 23499.999770137947
185, 4300.000000512227, 20699.999822682003, 6399.999620043673, 23399.999918183312
186, 4300.000000512227, 20699.999822682003, 6400.0000747910235, 23600.000076839933
187, 4400.0003072142135, 20599.999970727367, 6700.00008540228, 23500.000224885298
188, 4399.999852466863, 20699.999822682003, 6700.00008540228, 23599.999622092582
189, 4499.999704421498, 20999.99983329326, 6500.00038149301, 23799.999780749204
190, 4400.0003072142135, 27099.999897473026, 6799.999937356915, 23699.99992879457
191, 4399.999852466863, 21000.00028804061, 6799.999937356915, 24200.000098062446
192, 4400.0003072142135, 20999.99983329326, 6799.999937356915, 24599.999960628338
193, 4399.999852466863, 21399.99969585915, 6799.999937356915, 24500.000108673703
194, 4399.999852466863, 21400.000150606502, 6799.999937356915, 25800.000003073364
195, 4500.000159168849, 21600.000309263123, 6799.999937356915, 26300.000172341242
196, 4500.000159168849, 21299.999843904516, 6899.999789311551, 25600.000299164094
197, 4600.000011123484, 27800.000225397525, 6899.999789311551, 26799.99988686177
198, 4600.000011123484, 21400.000150606502, 7099.999947968172, 26700.000034907134
199, 4500.000159168849, 22100.00002378365, 7099.999947968172, 26200.000320386607
200, 5599.999894911889, 65300.000187562546, 7999.999979801942, 61700.00006022747
201, 4600.000011123484, 21899.99986512703, 7099.999947968172, 26299.99971759389
202, 4600.000011123484, 21599.999854515772, 7099.999947968172, 26700.000034907134
203, 4699.999863078119, 21400.000150606502, 7099.999947968172, 26400.000024295878
204, 4699.999863078119, 22100.00002378365, 7300.000106624793, 26600.0001829525
205, 4699.999863078119, 21800.000013172394, 7300.000106624793, 26900.000193563756
206, 4600.000011123484, 23699.99992879457, 7399.9999585794285, 26399.999569548527
207, 4699.999863078119, 23600.000076839933, 7299.999651877442, 26400.000024295878
208, 4799.9997150327545, 24799.99966453761, 7300.000106624793, 26799.99988686177
209, 4999.999873689376, 24499.999653926352, 7300.000106624793, 27000.00004551839
210, 4900.000021734741, 24100.00024610781, 7399.9999585794285, 33000.00025774352
211, 4800.000169780105, 23999.999939405825, 7399.9999585794285, 26900.000193563756
212, 4800.000169780105, 24800.00011928496, 7600.00011723605, 27400.000362831634
213, 4800.000169780105, 24599.999960628338, 7399.9999585794285, 27600.000066740904
214, 4900.000021734741, 24500.000108673703, 7600.00011723605, 27300.000056129647
215, 4900.000021734741, 24200.000098062446, 7600.00011723605, 27700.00037344289
216, 5000.000328436727, 24399.999801971717, 7599.999662488699, 27499.999760038918
217, 4999.999873689376, 30600.00017285347, 7699.999969190685, 27999.999929306796
218, 4999.999873689376, 24999.99982319423, 7800.000275892671, 44399.99975147657
219, 4999.999873689376, 24999.99982319423, 7800.000275892671, 28200.000087963417
220, 5099.999725644011, 25499.999992462108, 7600.00011723605, 28500.000098574674
221, 5200.000032345997, 25099.999675148865, 8000.000434549293, 28399.999791872688
222, 4999.999873689376, 25199.99998185085, 7699.999969190685, 34099.99999348656
223, 5099.999725644011, 24999.99982319423, 7800.000275892671, 39800.00019510044
224, 5200.000032345997, 25300.000288552837, 7799.99982114532, 33499.99997226405
225, 5299.999884300632, 25300.000288552837, 7900.000127847306, 33700.00013092067
226, 5200.000032345997, 25499.999992462108, 7799.99982114532, 33700.00013092067
227, 5099.999725644011, 25599.999844416743, 7900.000127847306, 33600.000278966036
228, 5300.000339047983, 25400.000140507473, 7899.9996730999555, 33999.99968678458
229, 5700.000201613875, 25899.999855028, 8100.000286503928, 40299.999909620965
230, 5200.000032345997, 26499.999876250513, 7999.999979801942, 34799.99986666371
231, 5299.999884300632, 25499.999992462108, 8200.000138458563, 34600.00016275444
232, 5299.999884300632, 25600.000299164094, 8099.999831756577, 37399.999655463034
233, 5399.999736255268, 107800.00002341694, 8200.000138458563, 37400.000110210385
234, 5399.999736255268, 26400.000024295878, 8099.999831756577, 38099.99998338753
235, 5399.999736255268, 25499.999992462108, 8200.000138458563, 41199.999941454735
236, 5400.0001910026185, 31200.000194075983, 8500.00014906982, 34199.9998454412
237, 5299.999884300632, 31000.00003541936, 8299.999990413198, 34299.99969739583
238, 5400.0001910026185, 30900.000183464726, 8299.999990413198, 34700.000014709076
239, 5399.999736255268, 31600.000056641875, 8399.999842367833, 35199.9997292296
240, 5400.0001910026185, 31399.999897985253, 8400.000297115184, 34700.000014709076
241, 5500.000042957254, 31100.000342121348, 8399.999842367833, 41199.999941454735
242, 5400.0001910026185, 31600.000056641875, 8400.000297115184, 35099.99987727497
243, 5400.0001910026185, 31399.999897985253, 8399.999842367833, 35100.00033202232
244, 5399.999736255268, 31600.000056641875, 8600.000001024455, 34900.0001733657
245, 5599.999894911889, 31999.999919207767, 8499.999694322469, 35400.000342633575
246, 5600.00034965924, 31799.999760551145, 8499.999694322469, 35099.99987727497
247, 5500.000042957254, 31800.000215298496, 8699.99985297909, 42199.99982524314
248, 5599.999894911889, 32399.99978177366, 8600.000001024455, 35499.99973984086
249, 5699.999746866524, 32999.99980299617, 8700.000307726441, 36100.00021581072
250, 5600.00034965924, 32299.999929819023, 8800.000159681076, 37900.00027947826
251, 5599.999894911889, 31900.00006725313, 8699.99985297909, 37799.99997277628
252, 5799.999598821159, 32599.99994043028, 8900.000011635711, 37900.00027947826
253, 5700.000201613875, 38499.999845953425, 8999.999863590347, 37300.00025825575
254, 5800.00005356851, 32400.00023652101, 8900.000011635711, 37999.99967668555
255, 5700.000201613875, 32599.99994043028, 8900.000011635711, 38099.99998338753
256, 5699.999746866524, 33199.99996165279, 9000.000318337698, 38399.99999399879
257, 6199.999916134402, 32600.00039517763, 9100.000170292333, 38099.99998338753
258, 6100.000064179767, 32900.00040578889, 9400.00018090359, 47399.99985758914
259, 6299.999768089037, 35400.000342633575, 9000.000318337698, 37899.99982473091
260, 6199.999916134402, 33400.000120309414, 9200.000022246968, 39200.000173877925
261, 6200.000370881753, 32599.99994043028, 9300.000328948954, 39000.0000152213
262, 6100.000064179767, 33099.99965495081, 9299.999874201603, 38300.000142044155
263, 6000.000212225132, 33000.00025774352, 9200.000022246968, 38600.00015265541
264, 6499.999926745659, 33499.99997226405, 9299.999874201603, 39099.99986717594
265, 6100.000064179767, 32599.99994043028, 9200.000022246968, 38399.99999399879
266, 6000.000212225132, 35600.000046542846, 9299.999874201603, 39700.0003431458
267, 6100.000064179767, 34700.000014709076, 9300.000328948954, 38199.99983534217
268, 6400.0000747910235, 34499.999856052455, 9500.000032858225, 39199.999719130574
269, 6400.0000747910235, 42300.000131945126, 9299.999874201603, 39199.999719130574
270, 6199.999916134402, 35899.99960240675, 9299.999874201603, 39799.99974035309
271, 6199.999916134402, 36100.00021581072, 9599.99988481286, 39799.99974035309
272, 6399.999620043673, 35699.99989849748, 9500.000032858225, 43100.00031182426
273, 6400.0000747910235, 35600.000046542846, 9599.99988481286, 39200.000173877925
274, 6299.999768089037, 42299.999677197775, 9599.99988481286, 39699.99988839845
275, 6400.0000747910235, 35699.99989849748, 9699.999736767495, 40300.000364368316
276, 6499.999926745659, 35999.99990910874, 9600.00033956021, 41199.999941454735
277, 6800.000392104266, 36699.999782285886, 9800.000043469481, 39900.00004705507
278, 6400.0000747910235, 36100.00021581072, 9800.000043469481, 43600.00002634479
279, 6500.00038149301, 47399.99985758914, 9699.999736767495, 42099.999973288504
280, 6599.999778700294, 41199.999941454735, 9900.000350171467, 41400.000100111356
281, 6599.999778700294, 35899.99960240675, 9899.999895424116, 42399.99998389976
282, 6499.999926745659, 36700.00023703324, 9899.999895424116, 41899.99981463188
283, 6499.999926745659, 36400.00022642198, 9899.999895424116, 42399.99998389976
284, 6700.00008540228, 43199.999709031545, 10100.000054080738, 42399.99998389976
285, 6600.000233447645, 36699.999782285886, 9899.999895424116, 42199.99982524314
286, 6799.999937356915, 36800.00008898787, 10100.000054080738, 42699.99999451102
287, 6799.999937356915, 36699.999782285886, 10200.000360782724, 42600.00014255638
288, 6700.00008540228, 36200.00006776536, 10100.000054080738, 42599.99968780903
289, 6700.00008540228, 43399.999867688166, 10500.00037139398, 42699.99999451102
290, 6699.999630654929, 37199.999951553764, 10300.00021273736, 43099.99985707691
291, 6799.999937356915, 36700.00023703324, 10199.999906035373, 43699.99987829942
292, 7000.000096013537, 37100.00009959913, 10299.999757990008, 45400.00009001233
293, 6799.999937356915, 38000.0001314329, 10300.00021273736, 43399.999867688166
294, 6899.999789311551, 37199.999951553764, 10300.00021273736, 44299.999899521936
295, 6800.000392104266, 37499.99996216502, 10500.00037139398, 44500.00005817856
296, 49599.99978382257, 125199.99972937512, 11400.00040322775, 47699.99986820039
297, 7000.000096013537, 39300.00002583256, 10499.99991664663, 44000.00034365803
298, 6899.999789311551, 38899.99970851932, 16899.999991437653, 46800.000291113975
299, 7199.999799922807, 48099.999730766285, 10799.999927257886, 49799.99994247919
300, 7800.000275892671, 45199.999931355705, 11199.999789823778, 46100.000417936826
301, 7000.000096013537, 39900.00004705507, 10600.000223348616, 44299.999899521936
302, 7099.999947968172, 40199.99960291898, 10799.999927257886, 43500.00017439015
303, 7000.000096013537, 40000.00035375706, 10799.999927257886, 44000.00034365803
304, 7300.000106624793, 39400.000332534546, 10700.000075303251, 43800.00018500141
305, 7099.999947968172, 39600.00003644382, 11099.999937869143, 44200.0000475673
306, 7099.999947968172, 40000.00035375706, 10799.999927257886, 45600.00024866895
307, 7199.999799922807, 40200.00005766633, 17300.000308750896, 46799.999836366624
308, 7799.99982114532, 40599.99992023222, 11000.000085914508, 46000.00011123484
309, 7299.999651877442, 40800.00007888884, 11000.000085914508, 46999.999995023245
310, 7300.000106624793, 40700.00022693421, 11000.000085914508, 49100.00006930204
311, 7499.999810534064, 40200.00005766633, 10999.999631167157, 46599.99967771
312, 7600.00011723605, 44000.00034365803, 13500.000022759195, 119400.00013055396
313, 7600.00011723605, 40900.00038559083, 11300.000096525764, 47300.0000056345
314, 7399.9999585794285, 45700.00010062358, 11500.000255182385, 50000.00010113581
315, 7399.9999585794285, 42699.99999451102, 11199.999789823778, 48999.999762600055
316, 7600.00011723605, 55699.999848002335, 11300.000096525764, 54099.99994299142
317, 7500.000265281415, 40099.99975096434, 11300.000096525764, 49400.0000799133
318, 7500.000265281415, 44100.000195612665, 11300.000096525764, 46799.999836366624
319, 7499.999810534064, 42499.999835854396, 11399.9999484804, 49400.0000799133
320, 7799.99982114532, 40600.00037497957, 11399.9999484804, 54000.00009103678
321, 7899.9996730999555, 40399.9997615756, 11599.99965238967, 47999.99987881165
322, 7699.999969190685, 41200.000396202086, 11799.999811046291, 47300.0000056345
323, 7799.99982114532, 41999.99966658652, 11799.999811046291, 49199.999921256676
324, 7799.99982114532, 41599.99980402063, 11399.9999484804, 47399.99985758914
325, 13999.999737279722, 41099.99963475275, 11599.99965238967, 47699.99986820039
326, 7799.99982114532, 42699.99999451102, 11600.00010713702, 47200.000153679866
327, 7699.999969190685, 43000.000005122274, 11799.999811046291, 53900.00023908215
328, 7999.999979801942, 47600.00001624576, 11699.999959091656, 54799.999816168565
329, 7899.9996730999555, 49599.99978382257, 11799.999811046291, 48100.000185513636
330, 7900.000127847306, 43200.000163778896, 11900.000117748277, 49500.000386615284
331, 7899.9996730999555, 46099.999963189475, 11699.999959091656, 50699.99997431296
332, 7999.999979801942, 54999.99997482519, 11999.999969702912, 51400.00030223746
333, 7900.000127847306, 47699.99986820039, 18299.99973779195, 48799.99960394343
334, 7999.999979801942, 48299.99988942291, 12099.999821657548, 53400.00006981427
335, 7999.999979801942, 43900.000036956044, 11900.000117748277, 54099.99994299142
336, 8399.999842367833, 43600.00002634479, 12100.000276404899, 56800.000038492726
337, 7999.999979801942, 43300.00001573353, 12099.999821657548, 60700.00017643906
338, 8299.999990413198, 43300.00001573353, 12200.000128359534, 53400.00006981427
339, 8200.000138458563, 44200.0000475673, 12199.999673612183, 55199.99967873446
340, 8500.00014906982, 43800.00018500141, 12100.000276404899, 55099.99982677982
341, 8200.000138458563, 43999.99988891068, 12399.999832268804, 60800.0000283937
342, 8299.999990413198, 45000.000227446435, 12299.999980314169, 53799.99993238016
343, 8299.999990413198, 49899.999794433825, 12199.999673612183, 59499.999679246685
344, 8499.999694322469, 52999.999752501026, 12299.999980314169, 62300.00008144998
345, 8299.999990413198, 46399.99997380073, 12400.000287016155, 68400.00014562975
346, 8199.999683711212, 49099.99961455469, 12299.999980314169, 63200.00011328375
347, 8400.000297115184, 47099.99984697788, 12399.999832268804, 54500.00026030466
348, 8500.00014906982, 44899.99992074445, 12699.99984288006, 57100.00004910398
349, 8300.00044516055, 44299.999899521936, 12500.00013897079, 63700.00028255163
350, 8600.000001024455, 44600.00036488054, 12800.000149582047, 59800.00014460529
351, 8600.000001024455, 49199.999921256676, 12499.99968422344, 57099.99959435663
352, 8699.99985297909, 53900.00023908215, 12699.99984288006, 55200.00013348181
353, 8699.99985297909, 45000.000227446435, 12599.999990925426, 62000.00007083872
354, 8500.00014906982, 44800.000068789814, 12700.000297627412, 55900.00000665896
355, 8499.999694322469, 44999.999772699084, 12900.000001536682, 55299.99998543644
356, 8900.000011635711, 53000.00020724838, 12900.000001536682, 55800.00015470432
357, 8500.00014906982, 53400.00006981427, 19500.000234984327, 58699.9999541149
358, 8700.000307726441, 52800.000048591755, 12800.000149582047, 60599.999869737076
359, 8600.000001024455, 55500.000144093065, 93099.99995821272, 61100.00003900495
360, 8800.000159681076, 54999.99997482519, 12900.000001536682, 59299.999975337414
361, 8699.99985297909, 59899.99999655993, 12900.000001536682, 58099.99993289239
362, 8799.999704933725, 50399.9999637017, 13100.000160193304, 55900.00000665896
363, 8799.999704933725, 50499.99981565634, 12999.999853491317, 63099.99980658176
364, 8900.000011635711, 60700.00017643906, 13100.000160193304, 66900.00009257346
365, 8799.999704933725, 60899.99988034833, 13300.000318849925, 189299.99987449264
366, 9699.999736767495, 92500.00039173756, 13700.000181415817, 58499.99979545828
367, 9100.000170292333, 55500.000144093065, 13200.000012147939, 58999.99996472616
368, 9100.000170292333, 53300.00021785963, 13400.00017080456, 68599.99984953902
369, 8900.000011635711, 53800.00038712751, 13500.000022759195, 62799.99979597051
370, 8900.000011635711, 52500.0000379805, 13499.999568011845, 61599.99975352548
371, 9200.000022246968, 54699.99996421393, 13400.00017080456, 62000.00007083872
372, 9200.000022246968, 65600.0001981738, 13399.99971605721, 58999.99996472616
373, 9100.000170292333, 52800.000048591755, 13599.99987471383, 59500.000133994035
374, 8900.000011635711, 58900.00011277152, 13700.000181415817, 59899.99999655993
375, 9299.999874201603, 65900.00020878506, 13599.99987471383, 65599.99974342645
376, 9500.000032858225, 52000.00032345997, 13599.99987471383, 58999.99996472616
377, 9300.000328948954, 52299.99987932388, 13599.99987471383, 62000.00007083872
378, 9099.999715544982, 54499.99980555731, 14100.000043981709, 63699.99982780428
379, 8999.999863590347, 53899.999784334796, 20399.999812070746, 61799.9999121821
380, 9500.000032858225, 60100.00015521655, 13700.000181415817, 62699.99994401587
381, 9200.000022246968, 52200.00002736924, 13700.000181415817, 68599.99984953902
382, 9199.999567499617, 58000.00008093775, 13899.999885325087, 61999.99961609137
383, 9299.999874201603, 60899.99988034833, 14199.999895936344, 61700.00006022747
384, 9599.99988481286, 52699.99974188977, 13900.000340072438, 65100.000028905924
385, 9299.999874201603, 52200.00002736924, 13899.999885325087, 60500.00001778244
386, 9500.000032858225, 54799.999816168565, 14000.000192027073, 69600.00018807477
387, 9500.000032858225, 58800.00026081689, 14000.000192027073, 60200.000007171184
388, 9700.000191514846, 56500.00002788147, 14100.000043981709, 60899.99988034833
389, 9400.00018090359, 54900.00012287055, 14199.999895936344, 60800.0000283937
390, 9599.99988481286, 61500.000356318196, 14199.999895936344, 60500.00001778244
391, 9400.00018090359, 59499.999679246685, 14199.999895936344, 64300.00030377414
392, 9699.999736767495, 55900.00000665896, 14199.999895936344, 69100.0000188069
393, 9599.99988481286, 59699.999837903306, 14199.999895936344, 73599.9997232284
394, 9599.99988481286, 60000.00030326191, 14799.999917158857, 66700.0003886642
395, 9599.99988481286, 58199.99978484702, 14400.000054592965, 69699.99958528206
396, 9800.000043469481, 63700.00028255163, 14300.00020263833, 67800.00012440723
397, 9800.000043469481, 70200.00020929729, 14300.00020263833, 62300.00008144998
398, 9599.99988481286, 54999.99997482519, 14299.999747890979, 63099.99980658176
399, 9700.000191514846, 65200.00033560791, 14600.000213249587, 65499.999891471816
400, 10400.000064691994, 61900.00021888409, 21800.000013172394, 62799.99979597051
401, 9700.000191514846, 55299.99998543644, 14700.000065204222, 63499.999669147655
402, 9800.000043469481, 55500.000144093065, 14600.000213249587, 63200.00011328375
403, 9899.999895424116, 58000.00008093775, 14599.999758502236, 68600.00030428637
404, 10100.000054080738, 55799.99969995697, 14899.999769113492, 139899.99979457934
405, 9899.999895424116, 58900.00011277152, 15200.0002344721, 70099.9999025953
406, 9700.000191514846, 67599.99996575061, 14799.999917158857, 66499.99977526022
407, 10199.999906035373, 69400.00002941815, 14700.000065204222, 67699.99981770525
408, 10100.000054080738, 62999.99995462713, 14899.999769113492, 66400.00037805294
409, 9899.999895424116, 59399.99982729205, 14900.000223860843, 64199.999997072155
410, 9899.999895424116, 55900.00000665896, 21500.000002561137, 64900.000324996654
411, 10199.999906035373, 58399.999943503644, 15099.999927770114, 65600.0001981738
412, 10100.000054080738, 56399.99972117948, 15000.000075815478, 64400.000155728776
413, 10199.999906035373, 55799.99969995697, 15300.000086426735, 71599.99995565158
414, 10300.00021273736, 56200.00001727021, 15000.000075815478, 65100.000028905924
415, 10300.00021273736, 56699.99973179074, 15099.999927770114, 64400.000155728776
416, 10400.000064691994, 58099.99993289239, 15399.99993838137, 66800.00024061883
417, 10099.999599333387, 64599.99985963805, 15400.000393128721, 64500.00000768341
418, 10399.999609944643, 60399.999711080454, 15199.999779724749, 68800.00000819564
419, 10100.000054080738, 63400.00027194037, 15200.0002344721, 68800.00000819564
420, 11600.00010713702, 66399.99992330559, 15500.000245083356, 71099.9997863837
421, 10300.00021273736, 128500.0003008463, 16899.999991437653, 102699.99984302558
422, 10399.999609944643, 59599.99998594867, 15699.999948992627, 66999.9999445281
423, 10400.000064691994, 62600.00009206124, 15600.000097037992, 73799.99988188501
424, 10600.000223348616, 59599.99998594867, 15500.000245083356, 68499.99999758438
425, 10400.000064691994, 59800.00014460529, 15300.000086426735, 66800.00024061883
426, 10300.00021273736, 59200.00012338278, 15600.000097037992, 73199.9998606625
427, 10600.000223348616, 58499.99979545828, 15600.000097037992, 69499.99988137279
428, 10899.999779212521, 61800.00036692945, 15699.999948992627, 68400.00014562975
429, 10599.999768601265, 61700.00006022747, 15599.99964229064, 75699.99979750719
430, 10700.000075303251, 61799.9999121821, 15600.000097037992, 72100.00012491946
431, 10799.999927257886, 61599.99975352548, 15700.000403739978, 70299.99960650457
432, 11199.999789823778, 59099.99981668079, 15999.999959603883, 68100.00013501849
433, 17299.999854003545, 59100.00027142814, 15900.000107649248, 68400.00014562975
434, 10700.000075303251, 59899.99999655993, 16199.999663513154, 67599.99996575061
435, 10799.999927257886, 59299.999975337414, 16000.000414351234, 68599.99984953902
436, 11699.999959091656, 66399.99992330559, 15600.000097037992, 68400.00014562975
437, 11000.000085914508, 59699.999837903306, 15999.999959603883, 68299.99983892776
438, 10999.999631167157, 59599.99998594867, 15999.999959603883, 68300.00029367511
439, 10700.000075303251, 66500.00023000757, 15999.999959603883, 70499.99976516119
440, 11099.999937869143, 62400.000388151966, 16200.000118260505, 67099.99979648273
441, 11099.999937869143, 59700.00029265066, 15999.999959603883, 70700.00037856516
442, 10899.999779212521, 59899.99999655993, 22700.000045006163, 71700.00026235357
443, 11000.000085914508, 69799.99989198404, 16400.000276917126, 68000.00028306386
444, 11399.9999484804, 60699.99972169171, 16299.99997021514, 68499.99999758438
445, 11000.000085914508, 59600.00044069602, 22900.000203662785, 68700.000156241
446, 10899.999779212521, 61699.999605480116, 16399.999822169775, 68699.99970149365
447, 11200.000244571129, 140199.9998051906, 16599.999980826396, 69100.0000188069
448, 11699.999959091656, 63699.99982780428, 16499.99967412441, 81499.9998510757
449, 11100.000392616494, 62499.99978535925, 16500.00012887176, 74000.00004054164
450, 11300.000096525764, 62000.00007083872, 16299.99997021514, 73799.99988188501
451, 11099.999937869143, 66000.0000607397, 16699.99983278103, 80700.00012594392
452, 11699.999959091656, 63899.9999864609, 16700.000287528383, 74800.00022042077
453, 11200.000244571129, 64899.9998702493, 16899.999991437653, 80300.00026337802
454, 11200.000244571129, 62600.00009206124, 16800.000139483018, 80700.00012594392
455, 11300.000096525764, 64500.00000768341, 16899.999991437653, 74600.00006176415
456, 11599.99965238967, 63599.99997584964, 16599.999980826396, 74499.99975506216
457, 11399.9999484804, 64700.00016634003, 23100.000362319406, 74799.99976567342
458, 11499.999800435035, 64300.00030377414, 16899.999991437653, 75000.00037907739
459, 11399.9999484804, 63099.99980658176, 16800.000139483018, 76299.9998187297
460, 11899.999663000926, 62399.999933404615, 23300.000066228677, 75100.00023103203
461, 11400.00040322775, 64800.00001829467, 16899.999991437653, 75299.9999349413
462, 11600.00010713702, 64500.00000768341, 16899.999991437653, 75100.00023103203
463, 11399.9999484804, 62699.99994401587, 23399.999918183312, 74699.99991371878
464, 12000.000424450263, 62499.99978535925, 16999.99984339229, 75200.00008298666
465, 11499.999800435035, 63299.999965238385, 16800.000139483018, 74800.00022042077
466, 11399.9999484804, 69899.99974393868, 16999.99984339229, 76700.00013604295
467, 11399.9999484804, 62800.00025071786, 17500.000012660166, 77199.99985056347
468, 11799.999811046291, 65100.000028905924, 17399.99970595818, 76100.00011482043
469, 11499.999800435035, 70699.99992381781, 17200.00000204891, 75500.00009359792
470, 11699.999959091656, 63800.00013450626, 17500.000012660166, 77600.00016787671
471, 11799.999811046291, 64500.00000768341, 17599.9998646148, 76299.9998187297
472, 11999.999969702912, 71499.9996489496, 17200.00000204891, 76599.99982934096
473, 11599.99965238967, 64199.999997072155, 17400.00016070553, 76400.00012543169
474, 11900.000117748277, 64500.00000768341, 17400.00016070553, 75999.99980811845
475, 18400.000044493936, 64299.99984902679, 17399.99970595818, 76200.00042152242
476, 12200.000128359534, 70500.00021990854, 17400.00016070553, 77800.00032653334
477, 11699.999959091656, 70000.00005064066, 17500.000012660166, 85000.00012645614
478, 11900.000117748277, 72799.99999809661, 18000.000181928044, 81099.99998850981
479, 11800.000265793642, 74099.99989249627, 17599.9998646148, 78900.00006227638
480, 12099.999821657548, 69700.00004002941, 17500.000012660166, 161299.99994518585
481, 12599.999990925426, 69500.00033612014, 17700.000171316788, 78399.9998930085
482, 11900.000117748277, 69900.00019868603, 18100.00003388268, 79000.00036897836
483, 12200.000128359534, 69799.99989198404, 24099.99979136046, 78800.00021032174
484, 12500.00013897079, 70000.00005064066, 17799.999568524072, 77799.99987178599
485, 12299.999980314169, 70699.99992381781, 17800.000023271423, 79599.99993545352
486, 12299.999980314169, 76400.00012543169, 17800.000023271423, 78999.99991423101
487, 11999.999969702912, 70699.99992381781, 18099.99957913533, 80199.99995667604
488, 12399.999832268804, 75400.00024164328, 18400.000044493936, 79099.99976618565
489, 20399.999812070746, 71199.99963833834, 17999.999727180693, 79099.99976618565
490, 12000.000424450263, 70600.00007186318, 17899.999875226058, 79699.99978740816
491, 12999.999853491317, 70399.99991320656, 18199.999885837315, 85900.00015828991
492, 12699.99984288006, 70800.0002305198, 18300.0001925393, 80100.0001047214
493, 12400.000287016155, 70099.9999025953, 18300.0001925393, 79599.99993545352
494, 12599.999990925426, 73199.9998606625, 17900.00032997341, 86800.00019012368
495, 12299.999980314169, 71100.00024113106, 18199.999885837315, 81200.0002952118
496, 12500.00013897079, 70600.00007186318, 18299.99973779195, 82799.99974547536
497, 12300.00043506152, 82099.99987229821, 18300.0001925393, 86600.00003146706
498, 12299.999980314169, 72799.99999809661, 18400.000044493936, 81199.99984046444
499, 12999.999853491317, 74300.00005115289, 18500.000351195922, 81700.00000973232
500, 12299.999980314169, 71699.99980760622, 18600.000203150557, 79700.00024215551
501, 12799.999694834696, 70999.99993442907, 18500.000351195922, 81600.00015777769
502, 12599.999990925426, 70999.99993442907, 18699.99960035784, 86900.00004207832
503, 12700.000297627412, 70900.00008247443, 18499.99989644857, 82999.99990413198
504, 12800.000149582047, 71500.00010369695, 18800.00036180718, 82199.99972425285
505, 12900.000001536682, 77700.00001983135, 18600.000203150557, 82099.99987229821
506, 12499.99968422344, 73400.00001931912, 18499.99989644857, 89499.99983087764
507, 12799.999694834696, 75800.00010420918, 18799.999907059828, 166199.9999669206
508, 19600.000086938962, 73199.9998606625, 18999.9996109691, 82999.99990413198
509, 13299.999864102574, 73700.00002993038, 18899.999759014463, 83399.99976669787
510, 12900.000001536682, 73899.99973383965, 18799.999907059828, 90200.00015880214
511, 13200.000012147939, 77099.99999860884, 18700.000055105193, 82900.00005217735
512, 13200.000012147939, 76400.00012543169, 18700.000055105193, 83000.00035887933
513, 12800.000149582047, 83500.00007339986, 18800.00036180718, 83999.99978792039
514, 12900.000001536682, 80400.00011533266, 18999.9996109691, 86099.99986219918
515, 12699.99984288006, 89599.99968283228, 19000.00006571645, 180200.00015894766
516, 12999.999853491317, 205299.99983409652, 53900.00023908215, 85099.99997841078
517, 12999.999853491317, 75800.00010420918, 18899.999759014463, 84400.00010523363
518, 12800.000149582047, 75700.00025225454, 26100.00001368462, 83599.9999253545
519, 12900.000001536682, 74300.00005115289, 19299.999621580355, 83500.00007339986
520, 13100.000160193304, 74000.00004054164, 19399.99992828234, 83599.9999253545
521, 12800.000149582047, 88199.99993647798, 19300.000076327706, 93300.00011686934
522, 12900.000001536682, 74699.99991371878, 19200.00022437307, 83500.00007339986
523, 13099.999705445953, 76899.99983995222, 19300.000076327706, 104400.00005473848
524, 13400.00017080456, 79700.00024215551, 19200.00022437307, 88899.99980965513
525, 13100.000160193304, 79200.00007288763, 19300.000076327706, 83400.00022144523
526, 13100.000160193304, 84299.99979853164, 19599.99963219161, 84199.99994657701
527, 13299.999864102574, 75100.00023103203, 19399.99992828234, 85199.99983036541
528, 13399.99971605721, 74799.99976567342, 19600.000086938962, 90000.00000014552
529, 13400.00017080456, 74699.99991371878, 19600.000086938962, 84400.00010523363
530, 13100.000160193304, 79599.99993545352, 19699.999938893598, 105200.00023461762
531, 13200.000012147939, 79100.000220933, 26000.000161729986, 96900.00024420442
532, 13500.000022759195, 81300.00014716643, 19399.99992828234, 86199.99971415382
533, 14199.999895936344, 78299.99958630651, 19699.999938893598, 90199.99970405479
534, 19800.000245595584, 75500.00009359792, 19999.999949504854, 95399.99973640079
535, 13300.000318849925, 86000.00001024455, 20100.00025620684, 87200.00005268957
536, 13800.000033370452, 77499.99986117473, 26400.000024295878, 88099.999629776
537, 13500.000022759195, 76899.99983995222, 19999.999949504854, 90100.0003068475
538, 13500.000022759195, 78400.00034775585, 19999.999949504854, 94500.00015931437
539, 20099.99980145949, 81899.99971364159, 20099.99980145949, 96699.99963080045
540, 13900.000340072438, 81300.00014716643, 20100.00025620684, 90099.99985210015
541, 13800.000033370452, 77899.99972374062, 20099.99980145949, 96900.00024420442
542, 13600.000329461182, 88600.00025379122, 20200.000108161476, 105300.00008657225
543, 13700.000181415817, 85399.99998902204, 20299.99996011611, 93399.99996882398
544, 20999.99983329326, 80499.9999672873, 20099.99980145949, 89800.00029623625
545, 13800.000033370452, 82000.00002034358, 20499.99966402538, 90600.00002136803
546, 13700.000181415817, 81600.00015777769, 26799.99988686177, 92199.99992637895
547, 13899.999885325087, 84099.99963987502, 20599.999970727367, 87400.0002113462
548, 14200.000350683695, 164199.99974459643, 60899.99988034833, 138800.0000588363
549, 20500.000118772732, 85000.00012645614, 20400.000266818097, 87500.00006330083
550, 13700.000181415817, 78499.99974496313, 20299.99996011611, 92400.00008503557
551, 14499.9999065476, 85299.99968232005, 26700.000034907134, 95500.00004310277
552, 14499.9999065476, 85899.99970354256, 20399.999812070746, 96400.00007493654
553, 14000.000192027073, 85300.0001370674, 20500.000118772732, 100100.00005422626
554, 13999.999737279722, 80700.00012594392, 20500.000118772732, 92900.00025430345
555, 14400.000054592965, 77799.99987178599, 20800.00012938399, 87999.99977782136
556, 14400.000054592965, 92200.0003811263, 21500.000002561137, 88799.9999577005
557, 13900.000340072438, 80299.99980863067, 20999.99983329326, 87800.00007391209
558, 14100.000043981709, 78200.00018909923, 20899.999981338624, 94700.00031797099
559, 14199.999895936344, 86699.9998834217, 20699.999822682003, 95899.99990566866
560, 14300.00020263833, 84199.99994657701, 20799.999674636638, 98799.99970507924
561, 14300.00020263833, 89799.9998414889, 20899.999981338624, 100600.00022349413
562, 14199.999895936344, 90600.00002136803, 20799.999674636638, 103999.99973742524
563, 14499.9999065476, 83899.99993596575, 20799.999674636638, 101900.0001178938
564, 14600.000213249587, 88399.99964038725, 20899.999981338624, 99500.00003300374
565, 14199.999895936344, 79799.9996393628, 20899.999981338624, 95100.00018053688
566, 20699.999822682003, 81899.99971364159, 20899.999981338624, 94999.9998738349
567, 14400.000054592965, 83699.99977730913, 21099.999685247894, 97599.99966263422
568, 14300.00020263833, 94399.99985261238, 21100.000139995245, 109300.00007647322
569, 14399.999599845614, 88100.00008452334, 21299.999843904516, 101899.99966314645
570, 14399.999599845614, 90799.9997252773, 21199.99999194988, 103299.9998642481
571, 14499.9999065476, 82400.00033765682, 21800.000013172394, 94900.00002188026
572, 15000.000075815478, 86500.00017951243, 21100.000139995245, 94800.00016992562
573, 14399.999599845614, 88199.99993647798, 21399.99969585915, 98399.99984251335
574, 14499.9999065476, 81000.00013655517, 20999.99983329326, 94900.00002188026
575, 14700.000065204222, 83699.99977730913, 27999.999929306796, 94500.00015931437
576, 15000.000075815478, 84199.99994657701, 21400.000150606502, 100499.99991679215
577, 14599.999758502236, 86100.00031694653, 21299.999843904516, 106099.99981170404
578, 14499.9999065476, 88499.99994708924, 21699.999706470408, 223999.99988920172
579, 28899.999961140566, 149599.9999860942, 41599.99980402063, 118800.00010933145
580, 17100.000150094274, 115399.99968590564, 24200.000098062446, 135399.9996354105
581, 15000.000075815478, 84100.00009462237, 21500.000002561137, 98900.00001178123
582, 14799.999917158857, 85499.99984097667, 38600.00015265541, 149899.99999670545
583, 17600.000319362152, 111100.00014014076, 24699.999812582973, 117199.99974957318
584, 17599.9998646148, 101999.99996984843, 28800.00010918593, 141999.99986885814
585, 17000.00029813964, 102200.00012850505, 24500.000108673703, 107699.99971671496
586, 16299.99997021514, 95400.00019114814, 25199.99998185085, 119199.99997189734
587, 17500.000012660166, 97300.00010677031, 24499.999653926352, 109599.99963233713
588, 15900.000107649248, 134800.00006893533, 24599.999960628338, 259400.0002318353
589, 23999.999939405825, 86500.00017951243, 22300.00018244027, 97799.99982129084
590, 14899.999769113492, 82199.99972425285, 22100.00002378365, 98800.0001598266
591, 14899.999769113492, 91599.99990515644, 21999.999717081664, 100499.99991679215
592, 15399.99993838137, 83200.0000627886, 22099.9995690363, 99099.9997156905
593, 15000.000075815478, 82900.00005217735, 28800.00010918593, 105599.99964243616
594, 15099.999927770114, 82399.99988290947, 22200.000330485636, 97499.99981067958
595, 15000.000075815478, 82199.99972425285, 22100.00002378365, 104799.99991730438
596, 15599.99964229064, 87800.00007391209, 22199.999875738285, 99200.00002239249
597, 15400.000393128721, 87200.00005268957, 22300.00018244027, 99200.00002239249
598, 15999.999959603883, 89500.00028562499, 22300.00018244027, 97300.00010677031
599, 14999.999621068127, 87500.00006330083, 22400.000034394907, 97399.99995872495
600, 15300.000086426735, 93500.00027552596, 22199.999875738285, 174899.99981989968
601, 15000.000075815478, 90899.99957723194, 22300.00018244027, 102299.99998045969
602, 15200.0002344721, 87699.9997672101, 29099.999665049836, 101300.00009667128
603, 15200.0002344721, 88100.00008452334, 22799.9998969608, 98600.00000116997
604, 15499.999790336005, 88899.99980965513, 23099.999907572055, 104799.99991730438
605, 15300.000086426735, 88500.00040183659, 22300.00018244027, 98900.00001178123
606, 15600.000097037992, 87399.99975659885, 22799.9998969608, 105600.00009718351
607, 15799.999800947262, 88199.99993647798, 22700.000045006163, 98600.00000116997
608, 15799.999800947262, 109000.00006586197, 22599.999738304177, 100900.00023410539
609, 15399.99993838137, 96599.99977884581, 22499.999886349542, 100900.00023410539
610, 17000.00029813964, 90099.99985210015, 22699.999590258813, 101300.00009667128
611, 15399.99993838137, 98800.0001598266, 22700.000045006163, 108699.99960050336
612, 15699.999948992627, 90900.00003197929, 22700.000045006163, 102299.99998045969
613, 15400.000393128721, 90800.00018002465, 29100.000119797187, 100400.00006483751
614, 15499.999790336005, 89900.00014819088, 23000.00005561742, 101300.00009667128
615, 15399.99993838137, 89399.999978923, 23300.000066228677, 107600.00031950767
616, 16099.999811558519, 89799.9998414889, 22699.999590258813, 101900.0001178938
617, 15500.000245083356, 90100.0003068475, 22799.9998969608, 109699.99993903912
618, 15900.000107649248, 90000.00000014552, 23000.00005561742, 103299.9998642481
619, 15600.000097037992, 90999.99988393392, 23000.00005561742, 102699.99984302558
620, 15800.000255694613, 98600.00000116997, 22999.99960087007, 102399.99983241432
621, 15900.000107649248, 89600.00013757963, 23099.999907572055, 105300.00008657225
622, 15800.000255694613, 96799.99993750243, 23199.99975952669, 102999.99985363684
623, 15999.999959603883, 90799.9997252773, 23300.000066228677, 102099.99982180307
624, 16099.999811558519, 90699.99987332267, 29499.99998236308, 104400.00005473848
625, 15700.000403739978, 90500.0001694134, 23200.00021427404, 112400.00003454043
626, 16100.00026630587, 102900.0000016822, 23099.999907572055, 109900.00009769574
627, 15799.999800947262, 95500.00004310277, 23200.00021427404, 103299.9998642481
628, 16500.00012887176, 92300.00023308094, 23000.00005561742, 111599.99985466129
629, 15800.000255694613, 93999.99999004649, 23500.000224885298, 103700.00018156134
630, 16099.999811558519, 95600.00034980476, 23300.000066228677, 110200.000108307
631, 16200.000118260505, 93199.99981016736, 24099.99979136046, 104199.99989608186
632, 16700.000287528383, 94200.00014870311, 23300.000066228677, 113099.99990771757
633, 22899.999748915434, 100700.00007544877, 23899.99963270384, 184600.00001141452
634, 55999.99985861359, 203400.0003732217, 23900.00008745119, 153800.00013465178
635, 17899.999875226058, 198799.99990735087, 26199.999865639256, 229400.00008020434
636, 17000.00029813964, 100900.00023410539, 24899.999971239595, 201700.0001615088
637, 25599.999844416743, 153100.00026147463, 49199.999921256676, 170100.00010486692
638, 23800.000235496555, 126099.99976120889, 27200.000204175012, 146899.99989059288
639, 17200.00000204891, 157699.99981785077, 36200.00006776536, 208299.9999402091
640, 19399.99992828234, 108700.00005525071, 27000.00004551839, 180899.99957737746
641, 16599.999980826396, 137100.00030187075, 26800.00034160912, 119199.99997189734
642, 18499.99989644857, 110100.00025635236, 27200.000204175012, 139299.99977335683
643, 19200.00022437307, 123400.00012045493, 36200.00006776536, 133699.99987844494
644, 19399.99992828234, 191700.00041413005, 53600.00022847089, 180600.00002151355
645, 21600.000309263123, 123700.00013106619, 26899.999738816405, 129300.00002597808
646, 18800.00036180718, 134300.0003544148, 30700.000024808105, 196899.9999917287
647, 18699.99960035784, 114100.00024625333, 59399.99982729205, 110199.99965355964
648, 17200.00000204891, 186199.99991642544, 25300.000288552837, 272900.0002545945
649, 18800.00036180718, 176300.00002100132, 27499.999760038918, 157100.0002513756
650, 25599.999844416743, 98299.99999055872, 25299.999833805487, 115000.0002780871
651, 16800.000139483018, 109699.99993903912, 24500.000108673703, 109600.00008708448
652, 29299.999823706457, 136699.9999845575, 24800.00011928496, 115899.99985517352
653, 16899.999991437653, 97300.00010677031, 25199.99998185085, 116199.99986578478
654, 16899.999991437653, 103699.99972681399, 24299.99995001708, 119700.00014116522
655, 16800.000139483018, 99599.99988495838, 66399.99992330559, 146800.00003863825
656, 17800.000023271423, 103299.9998642481, 24599.999960628338, 111199.9999920954
657, 16899.999991437653, 99700.00019166037, 24400.000256719068, 117900.00007749768
658, 17100.000150094274, 112000.00017197453, 24599.999960628338, 158600.0003044319
659, 18300.0001925393, 136399.99997394625, 25199.99998185085, 109500.00023512985
660, 17500.000012660166, 170799.99997804407, 48200.00003746827, 172200.00017914572
661, 19499.999780236976, 281300.0000969623, 27499.999760038918, 158699.99970163917
662, 17299.999854003545, 98700.00030787196, 24899.999971239595, 109499.9997803825
663, 16999.99984339229, 101899.99966314645, 24699.999812582973, 120300.00016238773
664, 17500.000012660166, 101699.99995923718, 24899.999971239595, 158299.99983907328
665, 18300.0001925393, 135899.99980467837, 25099.999675148865, 125199.99972937512
666, 17299.999854003545, 97999.99997994746, 25100.000129896216, 108100.0000340282
667, 17299.999854003545, 100499.99991679215, 25199.99998185085, 122799.99964448507
668, 18100.00003388268, 151299.99974305974, 58300.00009154901, 115800.00000321888
669, 17299.999854003545, 107699.99971671496, 25100.000129896216, 121300.00004617614
670, 17200.00000204891, 98399.99984251335, 25199.99998185085, 114099.99979150598
671, 17200.00000204891, 97999.99997994746, 25299.999833805487, 182800.00040249433
672, 19900.00009755022, 149599.9999860942, 26000.000161729986, 112100.00002392917
673, 17500.000012660166, 100600.00022349413, 25300.000288552837, 160999.9999345746
674, 58299.99963680166, 152000.00007098424, 64500.00000768341, 127999.99967683107
675, 17800.000023271423, 180699.9998734682, 25800.000003073364, 291800.00001360895
676, 18300.0001925393, 205000.00027823262, 25499.999992462108, 211299.9995915743
677, 17500.000012660166, 97900.00012799283, 25600.000299164094, 175499.9998411222
678, 19600.000086938962, 118500.0000987202, 28400.00024662004, 128000.00013157842
679, 19600.000086938962, 133500.00017453567, 25999.999706982635, 208499.99964411836
680, 18199.999885837315, 102299.99998045969, 26199.999865639256, 180099.99985224567
681, 19800.000245595584, 116199.99986578478, 76199.99996677507, 176900.00004222384
682, 19800.000245595584, 223399.9998679792, 26100.00001368462, 164600.00006190967
683, 19200.00022437307, 113199.99975967221, 36900.00039568986, 128399.99999414431
684, 19399.99992828234, 105099.99992791563, 28299.999939918052, 129300.00002597808
685, 19699.999938893598, 117999.99992945231, 28599.99995052931, 126500.00007852213
686, 19299.999621580355, 109300.00007647322, 28099.99978126143, 125000.00002546585
687, 19299.999621580355, 120499.999866297, 28400.00024662004, 126599.99993047677
688, 20199.999653414125, 168099.99988254276, 36299.999919719994, 171199.99984060996
689, 25199.99998185085, 157200.00010333024, 36899.99994094251, 164300.0000512984
690, 26699.999580159783, 142700.00019678264, 36899.99994094251, 197600.0003196532
691, 28400.00024662004, 172699.99989366625, 42200.00027999049, 186199.99991642544
692, 29000.00026784255, 156099.99991283985, 40599.99992023222, 179299.99967236654
693, 40400.00021632295, 158700.00015638652, 41000.000237545464, 181400.0002013927
694, 28099.99978126143, 153999.99983856105, 40800.00007888884, 176499.9997249106
695, 39399.999877787195, 155699.9995955266, 66300.00007135095, 181800.00006395858
696, 25800.000003073364, 136199.99981528963, 35999.99990910874, 163700.0000300759
697, 24500.000108673703, 134299.99989966745, 35099.99987727497, 165399.99978704145
698, 22799.9998969608, 120100.00000373111, 30700.000024808105, 146300.00032411772
699, 21000.00028804061, 117099.99989761855, 30500.000320898835, 137400.000312482
700, 21599.999854515772, 119300.00027859933, 39799.99974035309, 201399.9996961502
701, 25099.999675148865, 142899.9999006919, 36800.00008898787, 167400.0000093656
702, 25699.99969637138, 139199.9999214022, 46099.999963189475, 163100.00000885339
703, 24999.99982319423, 179699.99998967978, 45600.00024866895, 188699.99985327013
704, 29600.000289065065, 171799.99986183248, 41400.000100111356, 195199.9997800158
705, 28899.999961140566, 161800.00011445372, 42999.99955037492, 194000.0001923181
706, 41499.99995206599, 367399.9999591615, 48999.999762600055, 193100.00016048434
707, 29700.0001410197, 157199.9996485829, 43000.000005122274, 186899.9997896026
708, 29199.999971751822, 158300.00029382063, 42500.00029060175, 188800.0001599721
709, 28299.999939918052, 161499.99964909512, 41799.99996267725, 188700.00030801748
710, 23800.000235496555, 136799.99983651214, 35399.999887886224, 161399.99979714048
711, 23900.00008745119, 137600.00001639128, 34700.000014709076, 157200.00010333024
712, 24699.999812582973, 135199.99993150122, 57199.99990105862, 175099.9999785563
713, 37899.99982473091, 187399.99995887047, 63299.999965238385, 218700.00000490109
714, 41400.000100111356, 184399.9998527579, 63999.99983841553, 406699.99998499407
715, 71999.99981821747, 306199.99961345457, 128799.9998567102, 288000.0001823646
716, 57799.99992228113, 254399.99990339857, 84299.99979853164, 310000.0003541936
717, 32699.999792384915, 134799.99961418798, 32700.000247132266, 140999.99998506973
718, 22299.99972769292, 128399.99999414431, 33599.999824218685, 157599.99996589613
719, 22200.000330485636, 127899.99982487643, 33099.99965495081, 172499.99973500962
720, 22400.000034394907, 133399.99986783369, 32500.000088475645, 165200.00008313218
721, 23300.000066228677, 129600.00003658934, 31900.00006725313, 148099.9999330379
722, 22100.00002378365, 138099.9997309118, 56700.00018653809, 198400.00004478497
723, 25299.999833805487, 194400.000054884, 56200.00001727021, 200399.99981236178
724, 25800.000003073364, 154699.9997117382, 37899.99982473091, 159799.99989212956
725, 25399.99968576012, 142699.9997420353, 61799.9999121821, 144000.0000911823
726, 22600.00019305153, 181599.99990530196, 33700.00013092067, 163400.00001946464
727, 22400.000034394907, 162799.99999824213, 31999.999919207767, 151499.99990171636
728, 22599.999738304177, 131899.9998147774, 32200.000077864388, 137600.00001639128
729, 21500.000002561137, 127199.99995169928, 32100.000225909753, 145500.00014423858
730, 22000.000171829015, 136999.99999516876, 27399.999908084283, 121399.99989813077
731, 18600.000203150557, 108799.99990720535, 34199.9998454412, 123100.00010984368
732, 19499.999780236976, 109299.99962172587, 27199.99974942766, 130500.0000684231
733, 18799.999907059828, 114800.00011943048, 27700.00037344289, 130800.00007903436
734, 18600.000203150557, 107500.00001280569, 27500.00021478627, 126500.00007852213
735, 18899.999759014463, 118300.00039481092, 27999.999929306796, 201900.00032016542
736, 19299.999621580355, 108199.99988598283, 27600.000066740904, 122399.99978191918
737, 25499.999992462108, 108500.00035134144, 27399.999908084283, 120599.99971825164
738, 19099.999917671084, 273600.00012777164, 101699.99995923718, 177899.99992601224
739, 20700.000277429353, 200200.0001084525, 31800.000215298496, 141399.99984763563
740, 37100.00009959913, 263700.0002323475, 29799.999992974335, 135899.99980467837
741, 19100.000372418435, 183000.0001064036, 28100.000236008782, 203999.99993969686
742, 19000.00006571645, 170900.00028474606, 117300.00005627517, 164700.00036861165
743, 19200.00022437307, 151400.00004976173, 30700.000024808105, 326399.99972161604
744, 21899.99986512703, 146899.99989059288, 28299.999939918052, 128099.99998353305
745, 19199.99976962572, 113000.00005576294, 27999.999929306796, 194100.00004427275
746, 21399.99969585915, 142500.00003812602, 33299.99981360743, 187699.99996948172
747, 20099.99980145949, 133700.0003331923, 28299.999939918052, 189800.00004376052
748, 35900.0000571541, 137499.9997096893, 31699.99990859651, 178900.000264548
749, 19900.00009755022, 126299.99991986551, 28200.000087963417, 128399.99999414431
750, 19300.000076327706, 113100.00036246493, 28599.99995052931, 139800.00039737206
751, 19300.000076327706, 111400.00015075202, 27999.999929306796, 122299.99992996454
752, 19999.999949504854, 111600.00030940864, 41600.00025876798, 141900.0000169035
753, 19200.00022437307, 113500.00022503082, 28200.000087963417, 130599.99992037774
754, 19200.00022437307, 118899.99996128608, 28299.999939918052, 127899.99982487643
755, 19600.000086938962, 114800.00011943048, 28299.999939918052, 129200.00017402344
756, 19699.999938893598, 118500.0000987202, 28200.000087963417, 127100.00009974465
757, 19500.000234984327, 110299.99996026163, 29399.999675661093, 130199.9996030645
758, 19300.000076327706, 119599.99983446323, 28899.999961140566, 128900.00016341219
759, 19399.99992828234, 123400.00012045493, 34900.0001733657, 136600.00013260287
760, 20200.000108161476, 116600.00018309802, 28500.000098574674, 130300.00036451383
761, 19499.999780236976, 118299.99994006357, 28699.999802483944, 127199.99995169928
762, 19599.99963219161, 158199.99998711864, 67500.00011379598, 240000.00030355295
763, 53199.99991115765, 111299.99984405003, 28700.000257231295, 129500.0001846347
764, 20099.99980145949, 128700.00000475557, 29300.00027845381, 144499.99980570283
765, 19899.999642802868, 123999.9996869301, 28800.00010918593, 139899.99979457934
766, 20100.00025620684, 130299.99990976648, 35899.99960240675, 132199.99982538866
767, 20299.99996011611, 113899.99963284936, 28799.99965443858, 132199.99982538866
768, 25999.999706982635, 120899.9997288629, 29400.000130408444, 128300.00014218967
769, 19699.999938893598, 113299.99961162684, 28899.999961140566, 136099.999963335
770, 19999.999949504854, 122200.0000780099, 29100.000119797187, 143400.0000699598
771, 19699.999938893598, 127499.99996231054, 28899.999961140566, 144200.00024983892
772, 20800.00012938399, 115600.00029930961, 28599.99995052931, 127199.99995169928
773, 19899.999642802868, 122699.99979253043, 29299.999823706457, 128499.99984609894
774, 20299.99996011611, 113300.0000663742, 35500.00019458821, 129800.00019524596
775, 26499.999876250513, 114999.99982333975, 29000.00026784255, 128800.00031145755
776, 20599.999970727367, 121899.9996126513, 28999.9998130952, 144300.00010179356
777, 19999.999949504854, 119199.99997189734, 29100.000119797187, 136200.00027003698
778, 20599.999970727367, 116499.99987639603, 35799.999750452116, 129500.0001846347
779, 20399.999812070746, 117099.99989761855, 29100.000119797187, 129600.00003658934
780, 20399.999812070746, 122999.99980314169, 29299.999823706457, 179900.0001483364
781, 21500.000002561137, 121900.00006739865, 29499.99998236308, 141600.00000629225
782, 20299.99996011611, 121000.00003556488, 29599.999834317714, 137499.9997096893
783, 20099.99980145949, 117700.00037358841, 29400.000130408444, 141699.99985824688
784, 20599.999970727367, 117999.99992945231, 29600.000289065065, 129399.99987793271
785, 20200.000108161476, 121999.99991935329, 29699.99968627235, 128799.9998567102
786, 20099.99980145949, 116400.0000244414, 29400.000130408444, 131499.9999522115
787, 27800.000225397525, 119599.99983446323, 29799.999992974335, 139699.99963592272
788, 20599.999970727367, 120100.00000373111, 29699.99968627235, 141699.99985824688
789, 19899.999642802868, 116700.00003505265, 29499.99998236308, 135100.0000795466
790, 20200.000108161476, 129800.00019524596, 29900.00029967632, 136000.00011138036
791, 19999.999949504854, 116300.00017248676, 29600.000289065065, 137099.9998471234
792, 20999.99983329326, 123299.99981375295, 29799.999992974335, 135299.99978345586
793, 20699.999822682003, 117799.9997707957, 37600.00026886701, 218800.00031160307
794, 21100.000139995245, 121500.00020483276, 113100.00036246493, 302800.00009952346
795, 20499.99966402538, 325199.999679171, 31499.99974993989, 282900.00000197324
796, 56500.00002788147, 215700.00035353587, 30199.999855540227, 155299.9997329607
797, 20700.000277429353, 117000.00004566391, 30300.000162242213, 134700.0002169807
798, 20300.00041486346, 122500.00008862116, 29899.99984492897, 133999.9998890562
799, 20799.999674636638, 114599.99996077386, 30100.000003585592, 137100.00030187075
800, 54999.99997482519, 116900.00019370927, 30100.000003585592, 134500.00005832408
801, 21099.999685247894, 194400.000054884, 72700.00014614197, 281300.0000969623
802, 58300.00009154901, 168400.00034790137, 30300.000162242213, 136099.999963335
803, 22100.00002378365, 123899.99983497546, 30199.999855540227, 136499.9998259009
804, 20999.99983329326, 117000.00004566391, 30599.99971810612, 137199.99969907803
805, 27099.999897473026, 122099.99977130792, 30899.999728717376, 133999.9998890562
806, 21199.99999194988, 121000.00003556488, 30300.000162242213, 143599.99977386906
807, 21100.000139995245, 117200.00020432053, 30400.00001419685, 139399.99962531147
808, 21600.000309263123, 129399.99987793271, 30700.000024808105, 133399.99986783369
809, 21199.99999194988, 119700.00014116522, 30499.999866151484, 134399.9997516221
810, 27999.999929306796, 119299.99982385198, 30499.999866151484, 156699.99993406236
811, 21199.99999194988, 124700.0000148546, 36800.00008898787, 152600.00009220676
812, 21399.99969585915, 124799.99986680923, 30400.00001419685, 137900.00002700253
813, 20700.000277429353, 125699.999898643, 31199.999739328632, 137799.99972030055
814, 20800.00012938399, 120000.00015177648, 36999.99979289714, 144199.99979509157
815, 21400.000150606502, 128399.99999414431, 30800.00033151009, 144399.9999537482
816, 21699.999706470408, 127999.99967683107, 37199.999951553764, 167400.0000093656
817, 20899.999981338624, 133300.00001587905, 31000.00003541936, 139499.99993201345
818, 27799.999770650174, 120900.00018361025, 30700.000024808105, 140199.9998051906
819, 21199.99999194988, 120700.00002495362, 31000.00003541936, 145900.00000680448
820, 21699.999706470408, 127599.99981426517, 110199.99965355964, 282299.9999807507
821, 21899.99986512703, 179800.00029638177, 34400.00000409782, 282299.9999807507
822, 67599.99996575061, 172100.00032719108, 33499.99997226405, 238600.0001024513
823, 60500.00001778244, 319799.99994291575, 31799.999760551145, 326000.0003137975
824, 21999.999717081664, 174100.0000947679, 34900.0001733657, 233700.00008071656
825, 21699.999706470408, 125399.99988803174, 31300.00004603062, 164399.99990325305
826, 21600.000309263123, 128700.00000475557, 31200.000194075983, 145900.00000680448
827, 21500.000002561137, 125099.99987742049, 37799.99997277628, 142500.00003812602
828, 22000.000171829015, 123099.99965509633, 30899.999728717376, 144699.99996435945
829, 21500.000002561137, 125000.00002546585, 31300.00004603062, 138299.99988956843
830, 21700.00016121776, 122800.00009923242, 31200.000194075983, 150400.00016597332
831, 21500.000002561137, 127899.99982487643, 31399.999897985253, 151299.99974305974
832, 21899.99986512703, 126400.0002265675, 31200.000194075983, 149299.99997548293
833, 21600.000309263123, 119999.99969702912, 31200.000194075983, 140999.99998506973
834, 28200.000087963417, 119700.00014116522, 32299.999929819023, 150500.00001792796
835, 24800.00011928496, 199200.0002246641, 38799.99985656468, 140200.00025993795
836, 21899.99986512703, 129399.99987793271, 31300.00004603062, 150300.0003140187
837, 21800.000013172394, 130999.99978294363, 31400.000352732604, 227500.00016458216
838, 21700.00016121776, 131000.00023769098, 31600.000056641875, 158000.00028320937
839, 22100.00002378365, 126400.0002265675, 31399.999897985253, 162099.99967031763
840, 22900.000203662785, 192400.0002873072, 35000.00002532033, 173500.00007354538
841, 23999.999939405825, 172499.99973500962, 31699.99990859651, 158400.00014577527
842, 21800.000013172394, 127400.0001103559, 32200.000077864388, 149699.99983804883
843, 21699.999706470408, 153599.99997599516, 39000.0000152213, 154800.0000184402
844, 22700.000045006163, 130200.00005781185, 32700.000247132266, 152099.99992293888
845, 28500.000098574674, 130400.00021646847, 31699.99990859651, 150399.99971122597
846, 21899.99986512703, 140600.00012250384, 31899.99961250578, 154800.0000184402
847, 22100.00002378365, 128399.99999414431, 31799.999760551145, 147700.00007047202
848, 23799.999780749204, 140499.99981580186, 32699.999792384915, 163800.00033677788
849, 21900.00031987438, 143100.00005934853, 31900.00006725313, 157400.00026198686
850, 21999.999717081664, 137099.9998471234, 31999.999919207767, 143599.99977386906
851, 22199.999875738285, 141999.99986885814, 31999.999919207767, 146100.0001654611
852, 22799.9998969608, 128700.00000475557, 32100.000225909753, 165599.99994569807
853, 22299.99972769292, 287200.00000248547, 32599.99994043028, 157599.99996589613
854, 22100.00002378365, 145400.00029228395, 32500.000088475645, 161899.99996640836
855, 22599.999738304177, 135599.99979406712, 32100.000225909753, 151000.00018719584
856, 22100.00002378365, 131300.00024830224, 32400.00023652101, 221799.9999629683
857, 61499.999901570845, 252400.00013582176, 38900.00016326667, 144199.99979509157
858, 22700.000045006163, 133199.99970917706, 32399.99978177366, 165599.99994569807
859, 28800.00010918593, 140699.99997445848, 32999.99980299617, 151199.9998911051
860, 22700.000045006163, 133099.99985722243, 39200.000173877925, 144200.00024983892
861, 22400.000034394907, 129099.99986732146, 32399.99978177366, 149800.0001447508
862, 22300.00018244027, 135700.0001007691, 32500.000088475645, 147600.00021851738
863, 22199.999875738285, 129800.00019524596, 32399.99978177366, 157899.9999765074
864, 23000.00005561742, 137400.000312482, 32800.0000990869, 156500.0002301531
865, 23999.999939405825, 134800.00006893533, 32700.000247132266, 147000.00019729487
866, 22499.999886349542, 130299.99990976648, 33099.99965495081, 152999.99995477265
867, 22400.000034394907, 130500.0000684231, 39399.999877787195, 148000.00008108327
868, 22799.9998969608, 140600.00012250384, 33000.00025774352, 149699.99983804883
869, 22299.99972769292, 138999.99976274557, 32400.00023652101, 161299.99994518585
870, 22200.000330485636, 135799.99995272374, 33000.00025774352, 147100.0000492495
871, 22300.00018244027, 136600.00013260287, 32899.99995104154, 145799.9997001025
872, 23000.00005561742, 131099.99963489827, 33100.00010969816, 155000.0001770968
873, 23099.999907572055, 137600.00001639128, 33100.00010969816, 149500.00013413955
874, 22400.000034394907, 139399.99962531147, 32899.99995104154, 148299.99963694718
875, 22600.00019305153, 129800.00019524596, 32899.99995104154, 154299.9998491723
876, 23799.999780749204, 218900.0001635577, 33100.00010969816, 147400.00005986076
877, 23499.999770137947, 131799.99996282277, 40500.000068277586, 148000.00008108327
878, 22599.999738304177, 131999.99966673204, 33299.99981360743, 162399.9996809289
879, 22700.000045006163, 133600.0000264903, 33400.000120309414, 148200.0002397399
880, 23600.000076839933, 133700.0003331923, 39800.00019510044, 149599.9999860942
881, 22700.000045006163, 134899.99992088997, 33100.00010969816, 194799.9999174499
882, 22700.000045006163, 131799.99996282277, 33199.99996165279, 149999.99984866008
883, 23000.00005561742, 132299.9996773433, 40099.99975096434, 148199.99978499254
884, 23699.99992879457, 136699.9999845575, 33499.99997226405, 148699.99995426042
885, 23300.000066228677, 132000.0001214794, 33600.000278966036, 151000.00018719584
886, 23300.000066228677, 190800.00038229628, 49799.99994247919, 183799.9998315354
887, 65400.00003951718, 215300.00003622263, 34600.00016275444, 158299.99983907328
888, 23700.00038354192, 132699.99999465654, 33400.000120309414, 150600.00032462995
889, 23399.999918183312, 143299.9997632578, 33299.99981360743, 150700.00017658458
890, 23399.999918183312, 133600.0000264903, 33700.00013092067, 163799.99988203053
891, 23799.999780749204, 131999.99966673204, 33700.00013092067, 149899.99999670545
892, 23599.999622092582, 253499.9998715648, 68599.99984953902, 271800.0000641041
893, 27099.999897473026, 190799.99992754892, 74999.99992433004, 289000.000066153
894, 69799.99989198404, 183300.00011701486, 107700.0001714623, 364999.99987427145
895, 41700.00011072261, 284499.99990698416, 35199.9997292296, 162499.99998763087
896, 23600.000076839933, 133900.00003710156, 41499.99995206599, 148200.0002397399
897, 23500.000224885298, 132799.99984661117, 33999.99968678458, 148799.99980621506
898, 24699.999812582973, 133199.99970917706, 34099.99999348656, 160399.99991335208
899, 23200.00021427404, 132000.0001214794, 40599.99992023222, 166499.99997753184
900, 23799.999780749204, 145800.00015484984, 34199.9998454412, 165200.00008313218
901, 23600.000076839933, 133099.99985722243, 33899.99983482994, 152399.99993355013
902, 23500.000224885298, 132099.99997343402, 40599.99992023222, 152500.00024025212
903, 23699.99992879457, 146100.0001654611, 33799.999982875306, 168000.00003058813
904, 24100.00024610781, 138200.0000376138, 34500.000310799805, 158999.99971225043
905, 23499.999770137947, 139500.0003867608, 40599.99992023222, 152500.00024025212
906, 23600.000076839933, 133699.99987844494, 34000.00014153193, 158400.00014577527
907, 23699.99992879457, 131799.99996282277, 34599.99970800709, 178599.9997991894
908, 24500.000108673703, 145400.00029228395, 40800.00007888884, 250600.00007215422
909, 23999.999939405825, 137399.99985773466, 34499.999856052455, 168600.00005181064
910, 23699.99992879457, 138599.99990017968, 34400.00000409782, 156600.00008210773
911, 23900.00008745119, 144399.9999537482, 34600.00016275444, 155500.0003463647
912, 23999.999939405825, 141400.00030238298, 34300.000152143184, 164699.9999138643
913, 24099.99979136046, 152200.00022964086, 34700.000014709076, 157000.00039942097
914, 23799.999780749204, 154199.99999721767, 34899.99971861835, 158699.99970163917
915, 23999.999939405825, 136999.99999516876, 34599.99970800709, 163599.9997233739
916, 24299.99995001708, 136000.00011138036, 34800.00032141106, 158100.000135164
917, 24099.99979136046, 141499.99969959026, 34700.000014709076, 165299.99993508682
918, 23600.000076839933, 150300.0003140187, 34900.0001733657, 166899.99984009773
919, 23800.000235496555, 142400.00018617138, 35200.000183976954, 169299.9999249878
920, 25099.999675148865, 143999.99963643495, 34400.00000409782, 157800.00012455275
921, 24000.000394153176, 143899.99978448031, 41199.999941454735, 158599.99984968454
922, 23799.999780749204, 147299.99975315877, 35399.999887886224, 157700.00027259812
923, 30799.99987676274, 136900.00014321413, 35300.00003593159, 180999.99988407944
924, 24800.00011928496, 145900.00000680448, 41799.99996267725, 159100.0000189524
925, 23900.00008745119, 143199.99991130317, 34799.99986666371, 168099.99988254276
926, 24400.000256719068, 194199.99989622738, 39300.00002583256, 255500.00009388896
927, 26800.00034160912, 200599.9999710184, 80199.99995667604, 291400.00015104306
928, 30400.00001419685, 183099.99995835824, 40800.00007888884, 235999.99985890463
929, 40599.99992023222, 207999.99992959783, 46199.99981514411, 208599.99995082035
930, 27000.00004551839, 353400.0002218818, 135400.00009015785, 615899.9999570369
931, 41799.99996267725, 209099.99966534087, 36299.999919719994, 251100.0002414221
932, 25800.000003073364, 184099.99984214664, 38700.00000461005, 209999.99969717464
933, 25100.000129896216, 149700.00029279618, 35600.000046542846, 168900.0000624219
934, 24200.000098062446, 166100.00011496595, 35300.00003593159, 165899.99995630933
935, 24399.999801971717, 140799.9998264131, 35300.00003593159, 252399.9996810744
936, 63399.99981719302, 176300.00002100132, 35800.00020519947, 158499.9999977299
937, 26499.999876250513, 147100.0000492495, 35499.99973984086, 172899.99959757552
938, 24500.000108673703, 151100.00003915047, 42900.00015316764, 163000.00015689875
939, 24400.000256719068, 140900.0001331151, 35699.99989849748, 161600.00041054445
940, 31299.999591283267, 136000.00011138036, 35600.000046542846, 231900.00001704902
941, 62399.999933404615, 256400.00012572273, 36200.00006776536, 161200.0000932312
942, 24399.999801971717, 163799.99988203053, 36100.00021581072, 179699.99998967978
943, 24400.000256719068, 143000.0002073939, 35500.00019458821, 160900.00008261995
944, 25399.99968576012, 147199.99990120414, 35699.99989849748, 162199.99997701962
945, 24399.999801971717, 138899.99991079094, 35700.00035324483, 167300.00015741098
946, 25199.99998185085, 144000.0000911823, 42100.000428035855, 168699.99990376527
947, 32599.99994043028, 150299.99985927134, 35600.000046542846, 170799.99997804407
948, 25199.99998185085, 138400.0001962704, 47399.99985758914, 160300.00006139744
949, 24999.99982319423, 140900.0001331151, 35699.99989849748, 169699.99978755368
950, 24599.999960628338, 140099.99995323597, 36000.00036385609, 163000.00015689875
951, 24899.999971239595, 148699.99995426042, 35900.0000571541, 162000.00027311035
952, 25299.999833805487, 177800.0000740576, 36199.99961301801, 167400.0000093656
953, 25100.000129896216, 139799.9999426247, 36100.00021581072, 161100.00024127658
954, 24599.999960628338, 150200.0000073167, 35999.99990910874, 163400.00001946464
955, 24699.999812582973, 137900.00002700253, 42299.999677197775, 163100.00000885339
956, 25400.000140507473, 146300.00032411772, 36200.00006776536, 168099.99988254276
957, 25499.999992462108, 147000.00019729487, 38199.99983534217, 167199.999850709
958, 24800.00011928496, 153200.00011342927, 115400.00014065299, 318500.0000485161
959, 65800.00035683042, 243500.00012418604, 75099.99977628468, 255300.0003899797
960, 26199.999865639256, 248399.99969117343, 37499.99996216502, 168099.99988254276
961, 33100.00010969816, 233600.00022876193, 36800.00008898787, 164900.00007252092
962, 24999.99982319423, 153299.9999653839, 37100.00009959913, 165500.00009374344
963, 25499.999992462108, 144600.0001124048, 37499.99996216502, 243299.99996552942
964, 25700.00015111873, 192300.00043535256, 67200.00010318472, 218099.99998367857
965, 34899.99971861835, 146999.99974254752, 79099.99976618565, 186499.9999270367
966, 28299.999939918052, 194199.99989622738, 37299.9998035084, 165099.9997764302
967, 25599.999844416743, 155900.00020893058, 37300.00025825575, 170499.9999674328
968, 25600.000299164094, 147499.9999118154, 36599.99993033125, 163499.99987141928
969, 25199.99998185085, 150500.00001792796, 36899.99994094251, 162900.00030494411
970, 25100.000129896216, 145900.00000680448, 44800.000068789814, 161399.99979714048
971, 25499.999992462108, 163800.00033677788, 109699.99993903912, 289800.00024603214
972, 60600.00032448443, 273799.9998316809, 75699.99979750719, 300899.99972915393
973, 47900.000026857015, 278799.9997053703, 73799.99988188501, 246600.00008225325
974, 25400.000140507473, 160600.0000720087, 37599.999814119656, 169099.99976633117
975, 25199.99998185085, 156400.00037819846, 37300.00025825575, 176300.00002100132
976, 25699.99969637138, 145999.9998587591, 37000.00024764449, 161500.00010384247
977, 25199.99998185085, 150200.0000073167, 36800.00008898787, 161499.99964909512
978, 25800.000003073364, 154299.9998491723, 43499.9997196428, 176400.0003277033
979, 25199.99998185085, 148999.99996487168, 37100.00009959913, 169900.00040095765
980, 26399.999569548527, 148099.9999330379, 37100.00009959913, 162700.0001462875
981, 25900.00030977535, 153299.9999653839, 37200.000406301115, 161999.999818363
982, 25699.99969637138, 146200.00001741573, 37600.00026886701, 179199.9998204119
983, 25400.000140507473, 151700.000060373, 37199.999951553764, 166899.99984009773
984, 32800.0000990869, 151399.99959501438, 37000.00024764449, 186700.00008569332
985, 25899.999855028, 155000.0001770968, 37599.999814119656, 166999.99969205237
986, 25399.99968576012, 152000.00007098424, 38700.00000461005, 184200.00014884863
987, 26400.000024295878, 154900.00032514217, 37299.9998035084, 175000.00012660166
988, 32700.000247132266, 153800.00013465178, 37400.000110210385, 178199.9999366235
989, 25900.00030977535, 162499.99998763087, 37400.000110210385, 243200.0001135748
990, 29099.999665049836, 308899.9997089559, 41399.999645364005, 361699.99975754763
991, 28399.999791872688, 243700.00028284267, 75800.00010420918, 196500.0001291628
992, 26400.000024295878, 150099.99970061472, 37499.99996216502, 174100.0000947679
993, 26000.000161729986, 174900.00027464703, 37799.99997277628, 169500.0000836444
994, 25899.999855028, 152399.99993355013, 37300.00025825575, 184600.00001141452
995, 26199.999865639256, 156699.99993406236, 37699.99966607429, 187599.99966277974
996, 26700.000034907134, 149299.99997548293, 38199.99983534217, 228500.00004837057
